{"nodes":{"node:1":{"location":{"x":680,"y":200}},"node:10":{"location":{"x":200,"y":240}},"node:11":{"location":{"x":0,"y":120}},"node:12":{"location":{"x":200,"y":360}},"node:13":{"location":{"x":200,"y":480}},"node:14":{"location":{"x":499,"y":495}},"node:15":{"location":{"x":200,"y":240}},"node:16":{"location":{"x":0,"y":120}},"node:17":{"location":{"x":200,"y":360}},"node:18":{"location":{"x":200,"y":480}},"node:2":{"location":{"x":60,"y":40}},"node:3":{"location":{"x":60,"y":260}},"node:4":{"location":{"x":240,"y":40}},"node:5":{"location":{"x":240,"y":220}},"node:6":{"location":{"x":240,"y":320}},"node:7":{"location":{"x":240,"y":500}},"node:8":{"location":{"x":240,"y":600}},"node:9":{"location":{"x":240,"y":740}}},"selection":null,"view":{"scroll":{"x":-233.639236450195312,"y":-14.9615812301635742},"visible_rect":{"max":{"x":1705.728271484375,"y":667.70001220703125},"min":{"x":-791.72845458984375,"y":-50.7000007629394531}},"zoom":0.295100212097167969}}